objectid,filename,youtubeid,vimeoid,title,creator,date,description,subject,location,latitude,longitude,source,identifier,type,format,language,rights,rightsstatement
demo_001,demo_001.jpg,,,"Administration Building, University of Idaho, No. 30",Pacific Photo Co.,1910,"Example locally hosted image item. Photographic postcard of the University of Idaho administration building in Moscow, Idaho.",universities; buildings; campuses; picture postcards,"Moscow, Idaho",46.725562,-117.009633,"PG 9, Postcard Collection, Special Collections and Archives, University of Idaho Library",pg_9_12_01bl,Image;StillImage,image/jpeg,eng,Public Domain,https://creativecommons.org/publicdomain/mark/1.0/
demo_002,demo_002.pdf,,,"Spokane County Court House, Spokane, Washington",Spokane Post Card Co.,1912-09-08,"Example locally hosted PDF item. Postcard is of the Spokane County Courthouse in Spokane, Washington. Postmark 9/8/1912, Spokane, WA. Destination San Francisco, CA.",public buildings; county courthouses; trees; picture postcards,"Spokane, Washington",47.66432,-117.428031,"PG 107, Knowles Postcard Collection, Special Collections and Archives, University of Idaho Library",Postcard_032,Image;StillImage,application/pdf,eng,Public Domain,https://creativecommons.org/publicdomain/mark/1.0/
demo_003,demo_003.mp3,,,Good News - Power (Radio Episode Excerpt),"Robinson, Frank B.",1947,Example locally hosted audio item. A short excerpt from a Psychiana radio program episode that begins with assurance that there is a Power that can get people what they desire. Robinson then discusses his early life failures and childhood seeking of some force that could turn his failures into success. He asserts the God-Power can turn our failures into success and bring us material and spiritual abundance.,Frank B. Robinson; Failure; Success; Material Abundance,"Moscow, Idaho",46.733001,-116.991779,"Psychiana Digital Collection, Digital Initiatives, University of Idaho Library, https://www.lib.uidaho.edu/digital/psychiana/",Good_News_08,Audio,audio/mp3,eng,"In Copyright - Educational Use Permitted. For more information, please contact University of Idaho Library Special Collections and Archives Department at libspec@uidaho.edu.",http://rightsstatements.org/vocab/InC-EDU/1.0/
demo_004,,CVXQ3X6Q8oU,,"University of Idaho vs. University of Southern California (Football), 10/30/1925",Vandal Athletics,1925-10-30,"Example YouTube video item. Idaho Football vs. University of Southern California 10/30/1925 at Neale Stadium in Moscow, ID. Score: 7 - 51 (L).",American Football,"Moscow, Idaho",46.726113,-117.015671,"Vandal Video Collection, Digital Initiatives, University of Idaho Library, https://www.lib.uidaho.edu/digital/vandalvideo/","MG 23, Item 29",Image;MovingImage,video/mp4,eng,"In Copyright - Educational Use Permitted. For more information, please contact University of Idaho Library Special Collections and Archives Department at libspec@uidaho.edu.",http://rightsstatements.org/vocab/InC-EDU/1.0/
demo_005,,,464555587,Interview with K. Silem Mohammad,"Becker, Devin",2014-06-16,Example Vimeo video item. Oral history interview with poet K. Silem Mohammad discussing recent changes in writing practices that occurred due to the advent of the computer and the arrival of the digital age.,Poetry,"Ashland, OR",42.1916714,-122.728533,"CTRL+Shift, Center for Digital Inquiry and Learning, University of Idaho Library, https://ctrl-shift.org/",,Image;MovingImage,video/mp4,eng,"In Copyright - Educational Use Permitted. For more information, please contact University of Idaho Library Special Collections and Archives Department at libspec@uidaho.edu.",http://rightsstatements.org/vocab/InC-EDU/1.0/
demo_006,https://www.lib.uidaho.edu/collectionbuilder/demo-objects/demo_006.jpg,,,Ford pumper used for slash burning control,"Thompson, J. B.",1932-09-01,Example image item externally hosted on CONTENTdm. Ford pumper used for slash burning control. September 1932. From the photo series depicting the broadcast burn at the mouth of Benton Creek.,forestry,Bonner County;Priest River Experimental Forest;Benton Creek,48.34472222,-116.8483333,"Experimental Forest and Savenac Nursery Archive, Digital Initiatives, University of Idaho Library, https://www.lib.uidaho.edu/digital/expforest/",FirePump1,Image;StillImage,image/jpg,eng,"Material produced by the United States Forest Service and is in Public Domain. For more information, please contact University of Idaho Library Special Collections and Archives Department at libspec@uidaho.edu.",https://creativecommons.org/publicdomain/mark/1.0/
demo_007,https://www.doi.org/10.1577/M02-113,,,Influence of Fishway Placement on Fallback of Adult Salmon at the Bonneville Dam on the Columbia River,"Reischel, T.S.; Bjornn, T.C.",2003,Example metadata-only record with link to external source. Journal article.,fisheries management,Bonneville Dam,45.6442837,-121.9428256,"North American Journal of Fisheries Management, vol. 23, issue 4, p. 1215-1224. DOI: 10.1577/M02-113",DOI:10.1577/M02-113,Text,record,eng,"Metadata-only record, please check publication for rights",
dem0_008,,,,Falls of Schuykill Branch,,,,,,40.00759801,-75.19073134,,,,,,,
demo_009,,,,Camp Tinicum,,,,,,39.87481784,-75.3018824,,,,,,,
demo_010,,,,Colored Branch,,,,,,40.04103407,-75.17978712,,,,,,,
demo_011,,,,Pine Cottage,,,,,,40.02755013,-75.16061843,,,,,,,
demo_012,,,,Home of Elizabeth P. Smith,,,,,,40.03345768,-75.1682975,,,,,,,
demo_013,,,,YWCA First Living Spaces,,,,,,40.03367399,-75.17082333,,,,,,,
demo_014,,,,YWCA Boarding Home,,,,,,40.03438122,-75.17260975,,,,,,,
demo_015,,,,New YWCA Building,,,,,,40.03688676,-75.17651294,,,,,,,
demo_016,,,,Collins Manufacturing Company,,,,,,39.9526,-75.1489,,,,,,,
demo_017,,,,Center in the Park,,,,,,40.03695238,-75.17577428,,,,,,,
demo_018,,,,Harkness House,,,,,,40.03436826,-75.17186602,,,,,,,
demo_019,,,,Wakefield Mills,,,,,,40.03342898,-75.15085623,,,,,,,
demo_020,,,,Vernon Park,,,,,,40.03689272,-75.17584048,,,,,,,
demo_021,,,,Germantown Branch of the Free Library,,,,,,40.03573742,-75.1764913,,,,,,,
demo_022,,,,Germantown Town Hall,,,,,,40.03840737,-75.17733154,,,,,,,
demo_023,,,,National Bank of Germantown,,,,,,40.03435515,-75.17312317,,,,,,,
demo_024,,,,Bryn Mawr College,,,,,,40.02428497,-75.3139829,,,,,,,